total_cap,CR3,CR5,HHI,HHI_bucket
1899.8200000000002,45.2148098240886,61.9842932488341,0.1202983671427863,Competitive
